vtkCompositeIndexArray,vtkOriginalIndices,N,Time,__vtkIsSelected__,avg(X),avg(Y),avg(Z),avg(u),avg(vtkOriginalPointIds),max(X),max(Y),max(Z),max(u),max(vtkOriginalPointIds),med(X),med(Y),med(Z),med(u),med(vtkOriginalPointIds),min(X),min(Y),min(Z),min(u),min(vtkOriginalPointIds),q1(X),q1(Y),q1(Z),q1(u),q1(vtkOriginalPointIds),q3(X),q3(Y),q3(Z),q3(u),q3(vtkOriginalPointIds),std(X),std(Y),std(Z),std(u),std(vtkOriginalPointIds),vtkValidPointMask
1,0,1,0,0,0.5,0.5,0,1.07399e-06,400,0.5,0.5,0,1.07399e-06,400,0.5,0.5,0,1.07399e-06,400,0.5,0.5,0,1.07399e-06,400,0.5,0.5,0,1.07399e-06,400,0.5,0.5,0,1.07399e-06,400,0,0,0,0,0,1
1,1,1,1,0,0.5,0.5,0,5.95308e-06,400,0.5,0.5,0,5.95308e-06,400,0.5,0.5,0,5.95308e-06,400,0.5,0.5,0,5.95308e-06,400,0.5,0.5,0,5.95308e-06,400,0.5,0.5,0,5.95308e-06,400,0,0,0,0,0,1
1,2,1,2,0,0.5,0.5,0,1.76981e-05,400,0.5,0.5,0,1.76981e-05,400,0.5,0.5,0,1.76981e-05,400,0.5,0.5,0,1.76981e-05,400,0.5,0.5,0,1.76981e-05,400,0.5,0.5,0,1.76981e-05,400,0,0,0,0,0,1
1,3,1,3,0,0.5,0.5,0,3.95731e-05,400,0.5,0.5,0,3.95731e-05,400,0.5,0.5,0,3.95731e-05,400,0.5,0.5,0,3.95731e-05,400,0.5,0.5,0,3.95731e-05,400,0.5,0.5,0,3.95731e-05,400,0,0,0,0,0,1
1,4,1,4,0,0.5,0.5,0,7.57205e-05,400,0.5,0.5,0,7.57205e-05,400,0.5,0.5,0,7.57205e-05,400,0.5,0.5,0,7.57205e-05,400,0.5,0.5,0,7.57205e-05,400,0.5,0.5,0,7.57205e-05,400,0,0,0,0,0,1
1,5,1,5,0,0.5,0.5,0,0.000131068,400,0.5,0.5,0,0.000131068,400,0.5,0.5,0,0.000131068,400,0.5,0.5,0,0.000131068,400,0.5,0.5,0,0.000131068,400,0.5,0.5,0,0.000131068,400,0,0,0,0,0,1
1,6,1,6,0,0.5,0.5,0,0.000211145,400,0.5,0.5,0,0.000211145,400,0.5,0.5,0,0.000211145,400,0.5,0.5,0,0.000211145,400,0.5,0.5,0,0.000211145,400,0.5,0.5,0,0.000211145,400,0,0,0,0,0,1
1,7,1,7,0,0.5,0.5,0,0.000321785,400,0.5,0.5,0,0.000321785,400,0.5,0.5,0,0.000321785,400,0.5,0.5,0,0.000321785,400,0.5,0.5,0,0.000321785,400,0.5,0.5,0,0.000321785,400,0,0,0,0,0,1
1,8,1,8,0,0.5,0.5,0,0.000468739,400,0.5,0.5,0,0.000468739,400,0.5,0.5,0,0.000468739,400,0.5,0.5,0,0.000468739,400,0.5,0.5,0,0.000468739,400,0.5,0.5,0,0.000468739,400,0,0,0,0,0,1
1,9,1,9,0,0.5,0.5,0,0.000657224,400,0.5,0.5,0,0.000657224,400,0.5,0.5,0,0.000657224,400,0.5,0.5,0,0.000657224,400,0.5,0.5,0,0.000657224,400,0.5,0.5,0,0.000657224,400,0,0,0,0,0,1
1,10,1,10,0,0.5,0.5,0,0.000891415,400,0.5,0.5,0,0.000891415,400,0.5,0.5,0,0.000891415,400,0.5,0.5,0,0.000891415,400,0.5,0.5,0,0.000891415,400,0.5,0.5,0,0.000891415,400,0,0,0,0,0,1
1,11,1,11,0,0.5,0.5,0,0.00117395,400,0.5,0.5,0,0.00117395,400,0.5,0.5,0,0.00117395,400,0.5,0.5,0,0.00117395,400,0.5,0.5,0,0.00117395,400,0.5,0.5,0,0.00117395,400,0,0,0,0,0,1
1,12,1,12,0,0.5,0.5,0,0.00150547,400,0.5,0.5,0,0.00150547,400,0.5,0.5,0,0.00150547,400,0.5,0.5,0,0.00150547,400,0.5,0.5,0,0.00150547,400,0.5,0.5,0,0.00150547,400,0,0,0,0,0,1
1,13,1,13,0,0.5,0.5,0,0.00188421,400,0.5,0.5,0,0.00188421,400,0.5,0.5,0,0.00188421,400,0.5,0.5,0,0.00188421,400,0.5,0.5,0,0.00188421,400,0.5,0.5,0,0.00188421,400,0,0,0,0,0,1
1,14,1,14,0,0.5,0.5,0,0.00230573,400,0.5,0.5,0,0.00230573,400,0.5,0.5,0,0.00230573,400,0.5,0.5,0,0.00230573,400,0.5,0.5,0,0.00230573,400,0.5,0.5,0,0.00230573,400,0,0,0,0,0,1
1,15,1,15,0,0.5,0.5,0,0.0027628,400,0.5,0.5,0,0.0027628,400,0.5,0.5,0,0.0027628,400,0.5,0.5,0,0.0027628,400,0.5,0.5,0,0.0027628,400,0.5,0.5,0,0.0027628,400,0,0,0,0,0,1
1,16,1,16,0,0.5,0.5,0,0.00324539,400,0.5,0.5,0,0.00324539,400,0.5,0.5,0,0.00324539,400,0.5,0.5,0,0.00324539,400,0.5,0.5,0,0.00324539,400,0.5,0.5,0,0.00324539,400,0,0,0,0,0,1
1,17,1,17,0,0.5,0.5,0,0.00374084,400,0.5,0.5,0,0.00374084,400,0.5,0.5,0,0.00374084,400,0.5,0.5,0,0.00374084,400,0.5,0.5,0,0.00374084,400,0.5,0.5,0,0.00374084,400,0,0,0,0,0,1
1,18,1,18,0,0.5,0.5,0,0.00423428,400,0.5,0.5,0,0.00423428,400,0.5,0.5,0,0.00423428,400,0.5,0.5,0,0.00423428,400,0.5,0.5,0,0.00423428,400,0.5,0.5,0,0.00423428,400,0,0,0,0,0,1
1,19,1,19,0,0.5,0.5,0,0.00470901,400,0.5,0.5,0,0.00470901,400,0.5,0.5,0,0.00470901,400,0.5,0.5,0,0.00470901,400,0.5,0.5,0,0.00470901,400,0.5,0.5,0,0.00470901,400,0,0,0,0,0,1
1,20,1,20,0,0.5,0.5,0,0.00514721,400,0.5,0.5,0,0.00514721,400,0.5,0.5,0,0.00514721,400,0.5,0.5,0,0.00514721,400,0.5,0.5,0,0.00514721,400,0.5,0.5,0,0.00514721,400,0,0,0,0,0,1
1,21,1,21,0,0.5,0.5,0,0.00553056,400,0.5,0.5,0,0.00553056,400,0.5,0.5,0,0.00553056,400,0.5,0.5,0,0.00553056,400,0.5,0.5,0,0.00553056,400,0.5,0.5,0,0.00553056,400,0,0,0,0,0,1
1,22,1,22,0,0.5,0.5,0,0.00584106,400,0.5,0.5,0,0.00584106,400,0.5,0.5,0,0.00584106,400,0.5,0.5,0,0.00584106,400,0.5,0.5,0,0.00584106,400,0.5,0.5,0,0.00584106,400,0,0,0,0,0,1
1,23,1,23,0,0.5,0.5,0,0.00606176,400,0.5,0.5,0,0.00606176,400,0.5,0.5,0,0.00606176,400,0.5,0.5,0,0.00606176,400,0.5,0.5,0,0.00606176,400,0.5,0.5,0,0.00606176,400,0,0,0,0,0,1
1,24,1,24,0,0.5,0.5,0,0.0061775,400,0.5,0.5,0,0.0061775,400,0.5,0.5,0,0.0061775,400,0.5,0.5,0,0.0061775,400,0.5,0.5,0,0.0061775,400,0.5,0.5,0,0.0061775,400,0,0,0,0,0,1
1,25,1,25,0,0.5,0.5,0,0.00617569,400,0.5,0.5,0,0.00617569,400,0.5,0.5,0,0.00617569,400,0.5,0.5,0,0.00617569,400,0.5,0.5,0,0.00617569,400,0.5,0.5,0,0.00617569,400,0,0,0,0,0,1
1,26,1,26,0,0.5,0.5,0,0.00604693,400,0.5,0.5,0,0.00604693,400,0.5,0.5,0,0.00604693,400,0.5,0.5,0,0.00604693,400,0.5,0.5,0,0.00604693,400,0.5,0.5,0,0.00604693,400,0,0,0,0,0,1
1,27,1,27,0,0.5,0.5,0,0.00578566,400,0.5,0.5,0,0.00578566,400,0.5,0.5,0,0.00578566,400,0.5,0.5,0,0.00578566,400,0.5,0.5,0,0.00578566,400,0.5,0.5,0,0.00578566,400,0,0,0,0,0,1
1,28,1,28,0,0.5,0.5,0,0.0053908,400,0.5,0.5,0,0.0053908,400,0.5,0.5,0,0.0053908,400,0.5,0.5,0,0.0053908,400,0.5,0.5,0,0.0053908,400,0.5,0.5,0,0.0053908,400,0,0,0,0,0,1
1,29,1,29,0,0.5,0.5,0,0.00486674,400,0.5,0.5,0,0.00486674,400,0.5,0.5,0,0.00486674,400,0.5,0.5,0,0.00486674,400,0.5,0.5,0,0.00486674,400,0.5,0.5,0,0.00486674,400,0,0,0,0,0,1
1,30,1,30,0,0.5,0.5,0,0.00422504,400,0.5,0.5,0,0.00422504,400,0.5,0.5,0,0.00422504,400,0.5,0.5,0,0.00422504,400,0.5,0.5,0,0.00422504,400,0.5,0.5,0,0.00422504,400,0,0,0,0,0,1
1,31,1,31,0,0.5,0.5,0,0.00348896,400,0.5,0.5,0,0.00348896,400,0.5,0.5,0,0.00348896,400,0.5,0.5,0,0.00348896,400,0.5,0.5,0,0.00348896,400,0.5,0.5,0,0.00348896,400,0,0,0,0,0,1
1,32,1,32,0,0.5,0.5,0,0.00270701,400,0.5,0.5,0,0.00270701,400,0.5,0.5,0,0.00270701,400,0.5,0.5,0,0.00270701,400,0.5,0.5,0,0.00270701,400,0.5,0.5,0,0.00270701,400,0,0,0,0,0,1
1,33,1,33,0,0.5,0.5,0,0.0019998,400,0.5,0.5,0,0.0019998,400,0.5,0.5,0,0.0019998,400,0.5,0.5,0,0.0019998,400,0.5,0.5,0,0.0019998,400,0.5,0.5,0,0.0019998,400,0,0,0,0,0,1
1,34,1,34,0,0.5,0.5,0,0.00167806,400,0.5,0.5,0,0.00167806,400,0.5,0.5,0,0.00167806,400,0.5,0.5,0,0.00167806,400,0.5,0.5,0,0.00167806,400,0.5,0.5,0,0.00167806,400,0,0,0,0,0,1
1,35,1,35,0,0.5,0.5,0,0.00207272,400,0.5,0.5,0,0.00207272,400,0.5,0.5,0,0.00207272,400,0.5,0.5,0,0.00207272,400,0.5,0.5,0,0.00207272,400,0.5,0.5,0,0.00207272,400,0,0,0,0,0,1
1,36,1,36,0,0.5,0.5,0,0.00296637,400,0.5,0.5,0,0.00296637,400,0.5,0.5,0,0.00296637,400,0.5,0.5,0,0.00296637,400,0.5,0.5,0,0.00296637,400,0.5,0.5,0,0.00296637,400,0,0,0,0,0,1
1,37,1,37,0,0.5,0.5,0,0.00406091,400,0.5,0.5,0,0.00406091,400,0.5,0.5,0,0.00406091,400,0.5,0.5,0,0.00406091,400,0.5,0.5,0,0.00406091,400,0.5,0.5,0,0.00406091,400,0,0,0,0,0,1
1,38,1,38,0,0.5,0.5,0,0.00522725,400,0.5,0.5,0,0.00522725,400,0.5,0.5,0,0.00522725,400,0.5,0.5,0,0.00522725,400,0.5,0.5,0,0.00522725,400,0.5,0.5,0,0.00522725,400,0,0,0,0,0,1
1,39,1,39,0,0.5,0.5,0,0.00640617,400,0.5,0.5,0,0.00640617,400,0.5,0.5,0,0.00640617,400,0.5,0.5,0,0.00640617,400,0.5,0.5,0,0.00640617,400,0.5,0.5,0,0.00640617,400,0,0,0,0,0,1
1,40,1,40,0,0.5,0.5,0,0.00756169,400,0.5,0.5,0,0.00756169,400,0.5,0.5,0,0.00756169,400,0.5,0.5,0,0.00756169,400,0.5,0.5,0,0.00756169,400,0.5,0.5,0,0.00756169,400,0,0,0,0,0,1
1,41,1,41,0,0.5,0.5,0,0.00866738,400,0.5,0.5,0,0.00866738,400,0.5,0.5,0,0.00866738,400,0.5,0.5,0,0.00866738,400,0.5,0.5,0,0.00866738,400,0.5,0.5,0,0.00866738,400,0,0,0,0,0,1
1,42,1,42,0,0.5,0.5,0,0.00970203,400,0.5,0.5,0,0.00970203,400,0.5,0.5,0,0.00970203,400,0.5,0.5,0,0.00970203,400,0.5,0.5,0,0.00970203,400,0.5,0.5,0,0.00970203,400,0,0,0,0,0,1
1,43,1,43,0,0.5,0.5,0,0.0106482,400,0.5,0.5,0,0.0106482,400,0.5,0.5,0,0.0106482,400,0.5,0.5,0,0.0106482,400,0.5,0.5,0,0.0106482,400,0.5,0.5,0,0.0106482,400,0,0,0,0,0,1
1,44,1,44,0,0.5,0.5,0,0.0114917,400,0.5,0.5,0,0.0114917,400,0.5,0.5,0,0.0114917,400,0.5,0.5,0,0.0114917,400,0.5,0.5,0,0.0114917,400,0.5,0.5,0,0.0114917,400,0,0,0,0,0,1
1,45,1,45,0,0.5,0.5,0,0.0122212,400,0.5,0.5,0,0.0122212,400,0.5,0.5,0,0.0122212,400,0.5,0.5,0,0.0122212,400,0.5,0.5,0,0.0122212,400,0.5,0.5,0,0.0122212,400,0,0,0,0,0,1
1,46,1,46,0,0.5,0.5,0,0.0128283,400,0.5,0.5,0,0.0128283,400,0.5,0.5,0,0.0128283,400,0.5,0.5,0,0.0128283,400,0.5,0.5,0,0.0128283,400,0.5,0.5,0,0.0128283,400,0,0,0,0,0,1
1,47,1,47,0,0.5,0.5,0,0.0133074,400,0.5,0.5,0,0.0133074,400,0.5,0.5,0,0.0133074,400,0.5,0.5,0,0.0133074,400,0.5,0.5,0,0.0133074,400,0.5,0.5,0,0.0133074,400,0,0,0,0,0,1
1,48,1,48,0,0.5,0.5,0,0.0136558,400,0.5,0.5,0,0.0136558,400,0.5,0.5,0,0.0136558,400,0.5,0.5,0,0.0136558,400,0.5,0.5,0,0.0136558,400,0.5,0.5,0,0.0136558,400,0,0,0,0,0,1
1,49,1,49,0,0.5,0.5,0,0.0138732,400,0.5,0.5,0,0.0138732,400,0.5,0.5,0,0.0138732,400,0.5,0.5,0,0.0138732,400,0.5,0.5,0,0.0138732,400,0.5,0.5,0,0.0138732,400,0,0,0,0,0,1
1,50,1,50,0,0.5,0.5,0,0.013962,400,0.5,0.5,0,0.013962,400,0.5,0.5,0,0.013962,400,0.5,0.5,0,0.013962,400,0.5,0.5,0,0.013962,400,0.5,0.5,0,0.013962,400,0,0,0,0,0,1
1,51,1,51,0,0.5,0.5,0,0.0139264,400,0.5,0.5,0,0.0139264,400,0.5,0.5,0,0.0139264,400,0.5,0.5,0,0.0139264,400,0.5,0.5,0,0.0139264,400,0.5,0.5,0,0.0139264,400,0,0,0,0,0,1
1,52,1,52,0,0.5,0.5,0,0.0137727,400,0.5,0.5,0,0.0137727,400,0.5,0.5,0,0.0137727,400,0.5,0.5,0,0.0137727,400,0.5,0.5,0,0.0137727,400,0.5,0.5,0,0.0137727,400,0,0,0,0,0,1
1,53,1,53,0,0.5,0.5,0,0.0135087,400,0.5,0.5,0,0.0135087,400,0.5,0.5,0,0.0135087,400,0.5,0.5,0,0.0135087,400,0.5,0.5,0,0.0135087,400,0.5,0.5,0,0.0135087,400,0,0,0,0,0,1
1,54,1,54,0,0.5,0.5,0,0.0131436,400,0.5,0.5,0,0.0131436,400,0.5,0.5,0,0.0131436,400,0.5,0.5,0,0.0131436,400,0.5,0.5,0,0.0131436,400,0.5,0.5,0,0.0131436,400,0,0,0,0,0,1
1,55,1,55,0,0.5,0.5,0,0.0126877,400,0.5,0.5,0,0.0126877,400,0.5,0.5,0,0.0126877,400,0.5,0.5,0,0.0126877,400,0.5,0.5,0,0.0126877,400,0.5,0.5,0,0.0126877,400,0,0,0,0,0,1
1,56,1,56,0,0.5,0.5,0,0.0121522,400,0.5,0.5,0,0.0121522,400,0.5,0.5,0,0.0121522,400,0.5,0.5,0,0.0121522,400,0.5,0.5,0,0.0121522,400,0.5,0.5,0,0.0121522,400,0,0,0,0,0,1
1,57,1,57,0,0.5,0.5,0,0.0115488,400,0.5,0.5,0,0.0115488,400,0.5,0.5,0,0.0115488,400,0.5,0.5,0,0.0115488,400,0.5,0.5,0,0.0115488,400,0.5,0.5,0,0.0115488,400,0,0,0,0,0,1
1,58,1,58,0,0.5,0.5,0,0.0108894,400,0.5,0.5,0,0.0108894,400,0.5,0.5,0,0.0108894,400,0.5,0.5,0,0.0108894,400,0.5,0.5,0,0.0108894,400,0.5,0.5,0,0.0108894,400,0,0,0,0,0,1
1,59,1,59,0,0.5,0.5,0,0.0101863,400,0.5,0.5,0,0.0101863,400,0.5,0.5,0,0.0101863,400,0.5,0.5,0,0.0101863,400,0.5,0.5,0,0.0101863,400,0.5,0.5,0,0.0101863,400,0,0,0,0,0,1
1,60,1,60,0,0.5,0.5,0,0.00945149,400,0.5,0.5,0,0.00945149,400,0.5,0.5,0,0.00945149,400,0.5,0.5,0,0.00945149,400,0.5,0.5,0,0.00945149,400,0.5,0.5,0,0.00945149,400,0,0,0,0,0,1
1,61,1,61,0,0.5,0.5,0,0.0086967,400,0.5,0.5,0,0.0086967,400,0.5,0.5,0,0.0086967,400,0.5,0.5,0,0.0086967,400,0.5,0.5,0,0.0086967,400,0.5,0.5,0,0.0086967,400,0,0,0,0,0,1
1,62,1,62,0,0.5,0.5,0,0.00793324,400,0.5,0.5,0,0.00793324,400,0.5,0.5,0,0.00793324,400,0.5,0.5,0,0.00793324,400,0.5,0.5,0,0.00793324,400,0.5,0.5,0,0.00793324,400,0,0,0,0,0,1
1,63,1,63,0,0.5,0.5,0,0.0071718,400,0.5,0.5,0,0.0071718,400,0.5,0.5,0,0.0071718,400,0.5,0.5,0,0.0071718,400,0.5,0.5,0,0.0071718,400,0.5,0.5,0,0.0071718,400,0,0,0,0,0,1
1,64,1,64,0,0.5,0.5,0,0.00642242,400,0.5,0.5,0,0.00642242,400,0.5,0.5,0,0.00642242,400,0.5,0.5,0,0.00642242,400,0.5,0.5,0,0.00642242,400,0.5,0.5,0,0.00642242,400,0,0,0,0,0,1
1,65,1,65,0,0.5,0.5,0,0.00569438,400,0.5,0.5,0,0.00569438,400,0.5,0.5,0,0.00569438,400,0.5,0.5,0,0.00569438,400,0.5,0.5,0,0.00569438,400,0.5,0.5,0,0.00569438,400,0,0,0,0,0,1
1,66,1,66,0,0.5,0.5,0,0.00499618,400,0.5,0.5,0,0.00499618,400,0.5,0.5,0,0.00499618,400,0.5,0.5,0,0.00499618,400,0.5,0.5,0,0.00499618,400,0.5,0.5,0,0.00499618,400,0,0,0,0,0,1
1,67,1,67,0,0.5,0.5,0,0.00433554,400,0.5,0.5,0,0.00433554,400,0.5,0.5,0,0.00433554,400,0.5,0.5,0,0.00433554,400,0.5,0.5,0,0.00433554,400,0.5,0.5,0,0.00433554,400,0,0,0,0,0,1
1,68,1,68,0,0.5,0.5,0,0.00371946,400,0.5,0.5,0,0.00371946,400,0.5,0.5,0,0.00371946,400,0.5,0.5,0,0.00371946,400,0.5,0.5,0,0.00371946,400,0.5,0.5,0,0.00371946,400,0,0,0,0,0,1
1,69,1,69,0,0.5,0.5,0,0.00315432,400,0.5,0.5,0,0.00315432,400,0.5,0.5,0,0.00315432,400,0.5,0.5,0,0.00315432,400,0.5,0.5,0,0.00315432,400,0.5,0.5,0,0.00315432,400,0,0,0,0,0,1
1,70,1,70,0,0.5,0.5,0,0.00264614,400,0.5,0.5,0,0.00264614,400,0.5,0.5,0,0.00264614,400,0.5,0.5,0,0.00264614,400,0.5,0.5,0,0.00264614,400,0.5,0.5,0,0.00264614,400,0,0,0,0,0,1
1,71,1,71,0,0.5,0.5,0,0.00220097,400,0.5,0.5,0,0.00220097,400,0.5,0.5,0,0.00220097,400,0.5,0.5,0,0.00220097,400,0.5,0.5,0,0.00220097,400,0.5,0.5,0,0.00220097,400,0,0,0,0,0,1
1,72,1,72,0,0.5,0.5,0,0.00182537,400,0.5,0.5,0,0.00182537,400,0.5,0.5,0,0.00182537,400,0.5,0.5,0,0.00182537,400,0.5,0.5,0,0.00182537,400,0.5,0.5,0,0.00182537,400,0,0,0,0,0,1
1,73,1,73,0,0.5,0.5,0,0.00152685,400,0.5,0.5,0,0.00152685,400,0.5,0.5,0,0.00152685,400,0.5,0.5,0,0.00152685,400,0.5,0.5,0,0.00152685,400,0.5,0.5,0,0.00152685,400,0,0,0,0,0,1
1,74,1,74,0,0.5,0.5,0,0.00131325,400,0.5,0.5,0,0.00131325,400,0.5,0.5,0,0.00131325,400,0.5,0.5,0,0.00131325,400,0.5,0.5,0,0.00131325,400,0.5,0.5,0,0.00131325,400,0,0,0,0,0,1
1,75,1,75,0,0.5,0.5,0,0.00118975,400,0.5,0.5,0,0.00118975,400,0.5,0.5,0,0.00118975,400,0.5,0.5,0,0.00118975,400,0.5,0.5,0,0.00118975,400,0.5,0.5,0,0.00118975,400,0,0,0,0,0,1
1,76,1,76,0,0.5,0.5,0,0.00115365,400,0.5,0.5,0,0.00115365,400,0.5,0.5,0,0.00115365,400,0.5,0.5,0,0.00115365,400,0.5,0.5,0,0.00115365,400,0.5,0.5,0,0.00115365,400,0,0,0,0,0,1
1,77,1,77,0,0.5,0.5,0,0.00119268,400,0.5,0.5,0,0.00119268,400,0.5,0.5,0,0.00119268,400,0.5,0.5,0,0.00119268,400,0.5,0.5,0,0.00119268,400,0.5,0.5,0,0.00119268,400,0,0,0,0,0,1
1,78,1,78,0,0.5,0.5,0,0.00129077,400,0.5,0.5,0,0.00129077,400,0.5,0.5,0,0.00129077,400,0.5,0.5,0,0.00129077,400,0.5,0.5,0,0.00129077,400,0.5,0.5,0,0.00129077,400,0,0,0,0,0,1
1,79,1,79,0,0.5,0.5,0,0.00143519,400,0.5,0.5,0,0.00143519,400,0.5,0.5,0,0.00143519,400,0.5,0.5,0,0.00143519,400,0.5,0.5,0,0.00143519,400,0.5,0.5,0,0.00143519,400,0,0,0,0,0,1
1,80,1,80,0,0.5,0.5,0,0.00161881,400,0.5,0.5,0,0.00161881,400,0.5,0.5,0,0.00161881,400,0.5,0.5,0,0.00161881,400,0.5,0.5,0,0.00161881,400,0.5,0.5,0,0.00161881,400,0,0,0,0,0,1
1,81,1,81,0,0.5,0.5,0,0.00183855,400,0.5,0.5,0,0.00183855,400,0.5,0.5,0,0.00183855,400,0.5,0.5,0,0.00183855,400,0.5,0.5,0,0.00183855,400,0.5,0.5,0,0.00183855,400,0,0,0,0,0,1
1,82,1,82,0,0.5,0.5,0,0.00209294,400,0.5,0.5,0,0.00209294,400,0.5,0.5,0,0.00209294,400,0.5,0.5,0,0.00209294,400,0.5,0.5,0,0.00209294,400,0.5,0.5,0,0.00209294,400,0,0,0,0,0,1
1,83,1,83,0,0.5,0.5,0,0.00238043,400,0.5,0.5,0,0.00238043,400,0.5,0.5,0,0.00238043,400,0.5,0.5,0,0.00238043,400,0.5,0.5,0,0.00238043,400,0.5,0.5,0,0.00238043,400,0,0,0,0,0,1
1,84,1,84,0,0.5,0.5,0,0.00269855,400,0.5,0.5,0,0.00269855,400,0.5,0.5,0,0.00269855,400,0.5,0.5,0,0.00269855,400,0.5,0.5,0,0.00269855,400,0.5,0.5,0,0.00269855,400,0,0,0,0,0,1
1,85,1,85,0,0.5,0.5,0,0.00304364,400,0.5,0.5,0,0.00304364,400,0.5,0.5,0,0.00304364,400,0.5,0.5,0,0.00304364,400,0.5,0.5,0,0.00304364,400,0.5,0.5,0,0.00304364,400,0,0,0,0,0,1
1,86,1,86,0,0.5,0.5,0,0.00341096,400,0.5,0.5,0,0.00341096,400,0.5,0.5,0,0.00341096,400,0.5,0.5,0,0.00341096,400,0.5,0.5,0,0.00341096,400,0.5,0.5,0,0.00341096,400,0,0,0,0,0,1
1,87,1,87,0,0.5,0.5,0,0.0037948,400,0.5,0.5,0,0.0037948,400,0.5,0.5,0,0.0037948,400,0.5,0.5,0,0.0037948,400,0.5,0.5,0,0.0037948,400,0.5,0.5,0,0.0037948,400,0,0,0,0,0,1
1,88,1,88,0,0.5,0.5,0,0.00418876,400,0.5,0.5,0,0.00418876,400,0.5,0.5,0,0.00418876,400,0.5,0.5,0,0.00418876,400,0.5,0.5,0,0.00418876,400,0.5,0.5,0,0.00418876,400,0,0,0,0,0,1
1,89,1,89,0,0.5,0.5,0,0.00458595,400,0.5,0.5,0,0.00458595,400,0.5,0.5,0,0.00458595,400,0.5,0.5,0,0.00458595,400,0.5,0.5,0,0.00458595,400,0.5,0.5,0,0.00458595,400,0,0,0,0,0,1
1,90,1,90,0,0.5,0.5,0,0.00497916,400,0.5,0.5,0,0.00497916,400,0.5,0.5,0,0.00497916,400,0.5,0.5,0,0.00497916,400,0.5,0.5,0,0.00497916,400,0.5,0.5,0,0.00497916,400,0,0,0,0,0,1
1,91,1,91,0,0.5,0.5,0,0.00536101,400,0.5,0.5,0,0.00536101,400,0.5,0.5,0,0.00536101,400,0.5,0.5,0,0.00536101,400,0.5,0.5,0,0.00536101,400,0.5,0.5,0,0.00536101,400,0,0,0,0,0,1
1,92,1,92,0,0.5,0.5,0,0.0057241,400,0.5,0.5,0,0.0057241,400,0.5,0.5,0,0.0057241,400,0.5,0.5,0,0.0057241,400,0.5,0.5,0,0.0057241,400,0.5,0.5,0,0.0057241,400,0,0,0,0,0,1
1,93,1,93,0,0.5,0.5,0,0.00606114,400,0.5,0.5,0,0.00606114,400,0.5,0.5,0,0.00606114,400,0.5,0.5,0,0.00606114,400,0.5,0.5,0,0.00606114,400,0.5,0.5,0,0.00606114,400,0,0,0,0,0,1
1,94,1,94,0,0.5,0.5,0,0.00636509,400,0.5,0.5,0,0.00636509,400,0.5,0.5,0,0.00636509,400,0.5,0.5,0,0.00636509,400,0.5,0.5,0,0.00636509,400,0.5,0.5,0,0.00636509,400,0,0,0,0,0,1
1,95,1,95,0,0.5,0.5,0,0.00662925,400,0.5,0.5,0,0.00662925,400,0.5,0.5,0,0.00662925,400,0.5,0.5,0,0.00662925,400,0.5,0.5,0,0.00662925,400,0.5,0.5,0,0.00662925,400,0,0,0,0,0,1
1,96,1,96,0,0.5,0.5,0,0.00684741,400,0.5,0.5,0,0.00684741,400,0.5,0.5,0,0.00684741,400,0.5,0.5,0,0.00684741,400,0.5,0.5,0,0.00684741,400,0.5,0.5,0,0.00684741,400,0,0,0,0,0,1
1,97,1,97,0,0.5,0.5,0,0.00701391,400,0.5,0.5,0,0.00701391,400,0.5,0.5,0,0.00701391,400,0.5,0.5,0,0.00701391,400,0.5,0.5,0,0.00701391,400,0.5,0.5,0,0.00701391,400,0,0,0,0,0,1
1,98,1,98,0,0.5,0.5,0,0.00712383,400,0.5,0.5,0,0.00712383,400,0.5,0.5,0,0.00712383,400,0.5,0.5,0,0.00712383,400,0.5,0.5,0,0.00712383,400,0.5,0.5,0,0.00712383,400,0,0,0,0,0,1
1,99,1,99,0,0.5,0.5,0,0.00717307,400,0.5,0.5,0,0.00717307,400,0.5,0.5,0,0.00717307,400,0.5,0.5,0,0.00717307,400,0.5,0.5,0,0.00717307,400,0.5,0.5,0,0.00717307,400,0,0,0,0,0,1
1,100,1,100,0,0.5,0.5,0,0.00715846,400,0.5,0.5,0,0.00715846,400,0.5,0.5,0,0.00715846,400,0.5,0.5,0,0.00715846,400,0.5,0.5,0,0.00715846,400,0.5,0.5,0,0.00715846,400,0,0,0,0,0,1
1,101,1,101,0,0.5,0.5,0,0.00707797,400,0.5,0.5,0,0.00707797,400,0.5,0.5,0,0.00707797,400,0.5,0.5,0,0.00707797,400,0.5,0.5,0,0.00707797,400,0.5,0.5,0,0.00707797,400,0,0,0,0,0,1
1,102,1,102,0,0.5,0.5,0,0.00693082,400,0.5,0.5,0,0.00693082,400,0.5,0.5,0,0.00693082,400,0.5,0.5,0,0.00693082,400,0.5,0.5,0,0.00693082,400,0.5,0.5,0,0.00693082,400,0,0,0,0,0,1
1,103,1,103,0,0.5,0.5,0,0.00671776,400,0.5,0.5,0,0.00671776,400,0.5,0.5,0,0.00671776,400,0.5,0.5,0,0.00671776,400,0.5,0.5,0,0.00671776,400,0.5,0.5,0,0.00671776,400,0,0,0,0,0,1
1,104,1,104,0,0.5,0.5,0,0.00644138,400,0.5,0.5,0,0.00644138,400,0.5,0.5,0,0.00644138,400,0.5,0.5,0,0.00644138,400,0.5,0.5,0,0.00644138,400,0.5,0.5,0,0.00644138,400,0,0,0,0,0,1
1,105,1,105,0,0.5,0.5,0,0.00610658,400,0.5,0.5,0,0.00610658,400,0.5,0.5,0,0.00610658,400,0.5,0.5,0,0.00610658,400,0.5,0.5,0,0.00610658,400,0.5,0.5,0,0.00610658,400,0,0,0,0,0,1
1,106,1,106,0,0.5,0.5,0,0.00572133,400,0.5,0.5,0,0.00572133,400,0.5,0.5,0,0.00572133,400,0.5,0.5,0,0.00572133,400,0.5,0.5,0,0.00572133,400,0.5,0.5,0,0.00572133,400,0,0,0,0,0,1
1,107,1,107,0,0.5,0.5,0,0.00529784,400,0.5,0.5,0,0.00529784,400,0.5,0.5,0,0.00529784,400,0.5,0.5,0,0.00529784,400,0.5,0.5,0,0.00529784,400,0.5,0.5,0,0.00529784,400,0,0,0,0,0,1
1,108,1,108,0,0.5,0.5,0,0.00485453,400,0.5,0.5,0,0.00485453,400,0.5,0.5,0,0.00485453,400,0.5,0.5,0,0.00485453,400,0.5,0.5,0,0.00485453,400,0.5,0.5,0,0.00485453,400,0,0,0,0,0,1
1,109,1,109,0,0.5,0.5,0,0.00441886,400,0.5,0.5,0,0.00441886,400,0.5,0.5,0,0.00441886,400,0.5,0.5,0,0.00441886,400,0.5,0.5,0,0.00441886,400,0.5,0.5,0,0.00441886,400,0,0,0,0,0,1
1,110,1,110,0,0.5,0.5,0,0.00403116,400,0.5,0.5,0,0.00403116,400,0.5,0.5,0,0.00403116,400,0.5,0.5,0,0.00403116,400,0.5,0.5,0,0.00403116,400,0.5,0.5,0,0.00403116,400,0,0,0,0,0,1
1,111,1,111,0,0.5,0.5,0,0.0037467,400,0.5,0.5,0,0.0037467,400,0.5,0.5,0,0.0037467,400,0.5,0.5,0,0.0037467,400,0.5,0.5,0,0.0037467,400,0.5,0.5,0,0.0037467,400,0,0,0,0,0,1
1,112,1,112,0,0.5,0.5,0,0.00362945,400,0.5,0.5,0,0.00362945,400,0.5,0.5,0,0.00362945,400,0.5,0.5,0,0.00362945,400,0.5,0.5,0,0.00362945,400,0.5,0.5,0,0.00362945,400,0,0,0,0,0,1
1,113,1,113,0,0.5,0.5,0,0.00372982,400,0.5,0.5,0,0.00372982,400,0.5,0.5,0,0.00372982,400,0.5,0.5,0,0.00372982,400,0.5,0.5,0,0.00372982,400,0.5,0.5,0,0.00372982,400,0,0,0,0,0,1
1,114,1,114,0,0.5,0.5,0,0.0040584,400,0.5,0.5,0,0.0040584,400,0.5,0.5,0,0.0040584,400,0.5,0.5,0,0.0040584,400,0.5,0.5,0,0.0040584,400,0.5,0.5,0,0.0040584,400,0,0,0,0,0,1
1,115,1,115,0,0.5,0.5,0,0.00458448,400,0.5,0.5,0,0.00458448,400,0.5,0.5,0,0.00458448,400,0.5,0.5,0,0.00458448,400,0.5,0.5,0,0.00458448,400,0.5,0.5,0,0.00458448,400,0,0,0,0,0,1
1,116,1,116,0,0.5,0.5,0,0.00525937,400,0.5,0.5,0,0.00525937,400,0.5,0.5,0,0.00525937,400,0.5,0.5,0,0.00525937,400,0.5,0.5,0,0.00525937,400,0.5,0.5,0,0.00525937,400,0,0,0,0,0,1
1,117,1,117,0,0.5,0.5,0,0.00603696,400,0.5,0.5,0,0.00603696,400,0.5,0.5,0,0.00603696,400,0.5,0.5,0,0.00603696,400,0.5,0.5,0,0.00603696,400,0.5,0.5,0,0.00603696,400,0,0,0,0,0,1
1,118,1,118,0,0.5,0.5,0,0.00688067,400,0.5,0.5,0,0.00688067,400,0.5,0.5,0,0.00688067,400,0.5,0.5,0,0.00688067,400,0.5,0.5,0,0.00688067,400,0.5,0.5,0,0.00688067,400,0,0,0,0,0,1
1,119,1,119,0,0.5,0.5,0,0.00776279,400,0.5,0.5,0,0.00776279,400,0.5,0.5,0,0.00776279,400,0.5,0.5,0,0.00776279,400,0.5,0.5,0,0.00776279,400,0.5,0.5,0,0.00776279,400,0,0,0,0,0,1
1,120,1,120,0,0.5,0.5,0,0.008662,400,0.5,0.5,0,0.008662,400,0.5,0.5,0,0.008662,400,0.5,0.5,0,0.008662,400,0.5,0.5,0,0.008662,400,0.5,0.5,0,0.008662,400,0,0,0,0,0,1
1,121,1,121,0,0.5,0.5,0,0.00956135,400,0.5,0.5,0,0.00956135,400,0.5,0.5,0,0.00956135,400,0.5,0.5,0,0.00956135,400,0.5,0.5,0,0.00956135,400,0.5,0.5,0,0.00956135,400,0,0,0,0,0,1
1,122,1,122,0,0.5,0.5,0,0.0104468,400,0.5,0.5,0,0.0104468,400,0.5,0.5,0,0.0104468,400,0.5,0.5,0,0.0104468,400,0.5,0.5,0,0.0104468,400,0.5,0.5,0,0.0104468,400,0,0,0,0,0,1
1,123,1,123,0,0.5,0.5,0,0.0113066,400,0.5,0.5,0,0.0113066,400,0.5,0.5,0,0.0113066,400,0.5,0.5,0,0.0113066,400,0.5,0.5,0,0.0113066,400,0.5,0.5,0,0.0113066,400,0,0,0,0,0,1
1,124,1,124,0,0.5,0.5,0,0.0121302,400,0.5,0.5,0,0.0121302,400,0.5,0.5,0,0.0121302,400,0.5,0.5,0,0.0121302,400,0.5,0.5,0,0.0121302,400,0.5,0.5,0,0.0121302,400,0,0,0,0,0,1
1,125,1,125,0,0.5,0.5,0,0.0129087,400,0.5,0.5,0,0.0129087,400,0.5,0.5,0,0.0129087,400,0.5,0.5,0,0.0129087,400,0.5,0.5,0,0.0129087,400,0.5,0.5,0,0.0129087,400,0,0,0,0,0,1
1,126,1,126,0,0.5,0.5,0,0.0136342,400,0.5,0.5,0,0.0136342,400,0.5,0.5,0,0.0136342,400,0.5,0.5,0,0.0136342,400,0.5,0.5,0,0.0136342,400,0.5,0.5,0,0.0136342,400,0,0,0,0,0,1
1,127,1,127,0,0.5,0.5,0,0.0142997,400,0.5,0.5,0,0.0142997,400,0.5,0.5,0,0.0142997,400,0.5,0.5,0,0.0142997,400,0.5,0.5,0,0.0142997,400,0.5,0.5,0,0.0142997,400,0,0,0,0,0,1
1,128,1,128,0,0.5,0.5,0,0.0148992,400,0.5,0.5,0,0.0148992,400,0.5,0.5,0,0.0148992,400,0.5,0.5,0,0.0148992,400,0.5,0.5,0,0.0148992,400,0.5,0.5,0,0.0148992,400,0,0,0,0,0,1
1,129,1,129,0,0.5,0.5,0,0.0154277,400,0.5,0.5,0,0.0154277,400,0.5,0.5,0,0.0154277,400,0.5,0.5,0,0.0154277,400,0.5,0.5,0,0.0154277,400,0.5,0.5,0,0.0154277,400,0,0,0,0,0,1
1,130,1,130,0,0.5,0.5,0,0.015881,400,0.5,0.5,0,0.015881,400,0.5,0.5,0,0.015881,400,0.5,0.5,0,0.015881,400,0.5,0.5,0,0.015881,400,0.5,0.5,0,0.015881,400,0,0,0,0,0,1
1,131,1,131,0,0.5,0.5,0,0.0162559,400,0.5,0.5,0,0.0162559,400,0.5,0.5,0,0.0162559,400,0.5,0.5,0,0.0162559,400,0.5,0.5,0,0.0162559,400,0.5,0.5,0,0.0162559,400,0,0,0,0,0,1
1,132,1,132,0,0.5,0.5,0,0.0165501,400,0.5,0.5,0,0.0165501,400,0.5,0.5,0,0.0165501,400,0.5,0.5,0,0.0165501,400,0.5,0.5,0,0.0165501,400,0.5,0.5,0,0.0165501,400,0,0,0,0,0,1
1,133,1,133,0,0.5,0.5,0,0.016762,400,0.5,0.5,0,0.016762,400,0.5,0.5,0,0.016762,400,0.5,0.5,0,0.016762,400,0.5,0.5,0,0.016762,400,0.5,0.5,0,0.016762,400,0,0,0,0,0,1
1,134,1,134,0,0.5,0.5,0,0.0168911,400,0.5,0.5,0,0.0168911,400,0.5,0.5,0,0.0168911,400,0.5,0.5,0,0.0168911,400,0.5,0.5,0,0.0168911,400,0.5,0.5,0,0.0168911,400,0,0,0,0,0,1
1,135,1,135,0,0.5,0.5,0,0.0169375,400,0.5,0.5,0,0.0169375,400,0.5,0.5,0,0.0169375,400,0.5,0.5,0,0.0169375,400,0.5,0.5,0,0.0169375,400,0.5,0.5,0,0.0169375,400,0,0,0,0,0,1
1,136,1,136,0,0.5,0.5,0,0.0169025,400,0.5,0.5,0,0.0169025,400,0.5,0.5,0,0.0169025,400,0.5,0.5,0,0.0169025,400,0.5,0.5,0,0.0169025,400,0.5,0.5,0,0.0169025,400,0,0,0,0,0,1
1,137,1,137,0,0.5,0.5,0,0.0167877,400,0.5,0.5,0,0.0167877,400,0.5,0.5,0,0.0167877,400,0.5,0.5,0,0.0167877,400,0.5,0.5,0,0.0167877,400,0.5,0.5,0,0.0167877,400,0,0,0,0,0,1
1,138,1,138,0,0.5,0.5,0,0.0165958,400,0.5,0.5,0,0.0165958,400,0.5,0.5,0,0.0165958,400,0.5,0.5,0,0.0165958,400,0.5,0.5,0,0.0165958,400,0.5,0.5,0,0.0165958,400,0,0,0,0,0,1
1,139,1,139,0,0.5,0.5,0,0.01633,400,0.5,0.5,0,0.01633,400,0.5,0.5,0,0.01633,400,0.5,0.5,0,0.01633,400,0.5,0.5,0,0.01633,400,0.5,0.5,0,0.01633,400,0,0,0,0,0,1
1,140,1,140,0,0.5,0.5,0,0.015994,400,0.5,0.5,0,0.015994,400,0.5,0.5,0,0.015994,400,0.5,0.5,0,0.015994,400,0.5,0.5,0,0.015994,400,0.5,0.5,0,0.015994,400,0,0,0,0,0,1
1,141,1,141,0,0.5,0.5,0,0.0155924,400,0.5,0.5,0,0.0155924,400,0.5,0.5,0,0.0155924,400,0.5,0.5,0,0.0155924,400,0.5,0.5,0,0.0155924,400,0.5,0.5,0,0.0155924,400,0,0,0,0,0,1
1,142,1,142,0,0.5,0.5,0,0.0151302,400,0.5,0.5,0,0.0151302,400,0.5,0.5,0,0.0151302,400,0.5,0.5,0,0.0151302,400,0.5,0.5,0,0.0151302,400,0.5,0.5,0,0.0151302,400,0,0,0,0,0,1
1,143,1,143,0,0.5,0.5,0,0.0146129,400,0.5,0.5,0,0.0146129,400,0.5,0.5,0,0.0146129,400,0.5,0.5,0,0.0146129,400,0.5,0.5,0,0.0146129,400,0.5,0.5,0,0.0146129,400,0,0,0,0,0,1
1,144,1,144,0,0.5,0.5,0,0.0140465,400,0.5,0.5,0,0.0140465,400,0.5,0.5,0,0.0140465,400,0.5,0.5,0,0.0140465,400,0.5,0.5,0,0.0140465,400,0.5,0.5,0,0.0140465,400,0,0,0,0,0,1
1,145,1,145,0,0.5,0.5,0,0.0134372,400,0.5,0.5,0,0.0134372,400,0.5,0.5,0,0.0134372,400,0.5,0.5,0,0.0134372,400,0.5,0.5,0,0.0134372,400,0.5,0.5,0,0.0134372,400,0,0,0,0,0,1
1,146,1,146,0,0.5,0.5,0,0.0127919,400,0.5,0.5,0,0.0127919,400,0.5,0.5,0,0.0127919,400,0.5,0.5,0,0.0127919,400,0.5,0.5,0,0.0127919,400,0.5,0.5,0,0.0127919,400,0,0,0,0,0,1
1,147,1,147,0,0.5,0.5,0,0.0121173,400,0.5,0.5,0,0.0121173,400,0.5,0.5,0,0.0121173,400,0.5,0.5,0,0.0121173,400,0.5,0.5,0,0.0121173,400,0.5,0.5,0,0.0121173,400,0,0,0,0,0,1
1,148,1,148,0,0.5,0.5,0,0.0114205,400,0.5,0.5,0,0.0114205,400,0.5,0.5,0,0.0114205,400,0.5,0.5,0,0.0114205,400,0.5,0.5,0,0.0114205,400,0.5,0.5,0,0.0114205,400,0,0,0,0,0,1
1,149,1,149,0,0.5,0.5,0,0.0107088,400,0.5,0.5,0,0.0107088,400,0.5,0.5,0,0.0107088,400,0.5,0.5,0,0.0107088,400,0.5,0.5,0,0.0107088,400,0.5,0.5,0,0.0107088,400,0,0,0,0,0,1
1,150,1,150,0,0.5,0.5,0,0.0099894,400,0.5,0.5,0,0.0099894,400,0.5,0.5,0,0.0099894,400,0.5,0.5,0,0.0099894,400,0.5,0.5,0,0.0099894,400,0.5,0.5,0,0.0099894,400,0,0,0,0,0,1
1,151,1,151,0,0.5,0.5,0,0.00926979,400,0.5,0.5,0,0.00926979,400,0.5,0.5,0,0.00926979,400,0.5,0.5,0,0.00926979,400,0.5,0.5,0,0.00926979,400,0.5,0.5,0,0.00926979,400,0,0,0,0,0,1
1,152,1,152,0,0.5,0.5,0,0.00855731,400,0.5,0.5,0,0.00855731,400,0.5,0.5,0,0.00855731,400,0.5,0.5,0,0.00855731,400,0.5,0.5,0,0.00855731,400,0.5,0.5,0,0.00855731,400,0,0,0,0,0,1
1,153,1,153,0,0.5,0.5,0,0.00785934,400,0.5,0.5,0,0.00785934,400,0.5,0.5,0,0.00785934,400,0.5,0.5,0,0.00785934,400,0.5,0.5,0,0.00785934,400,0.5,0.5,0,0.00785934,400,0,0,0,0,0,1
